<?xml version="1.0" encoding="iso-8859-1"?>
<pnml>
<net id="Net-One" type="P/T net">
<place id="P0">
<graphics>
<position x="235.0" y="385.0"/>
</graphics>
<name>
<value>waiting room</value>
<graphics/>
</name>
<initialMarking>
<value>0</value>
<graphics>
<offset x="0.0" y="0.0"/>
</graphics>
</initialMarking>
<tagged>
<value>false</value>
</tagged>
</place>
<place id="P1">
<graphics>
<position x="235.0" y="535.0"/>
</graphics>
<name>
<value>trolley</value>
<graphics/>
</name>
<initialMarking>
<value>0</value>
<graphics>
<offset x="0.0" y="0.0"/>
</graphics>
</initialMarking>
<tagged>
<value>false</value>
</tagged>
</place>
<place id="P10">
<graphics>
<position x="1135.0" y="460.0"/>
</graphics>
<name>
<value>patient recovered</value>
<graphics/>
</name>
<initialMarking>
<value>0</value>
<graphics>
<offset x="0.0" y="0.0"/>
</graphics>
</initialMarking>
<tagged>
<value>false</value>
</tagged>
</place>
<place id="P11">
<graphics>
<position x="880.0" y="190.0"/>
</graphics>
<name>
<value>healthy</value>
<graphics/>
</name>
<initialMarking>
<value>5</value>
<graphics>
<offset x="0.0" y="0.0"/>
</graphics>
</initialMarking>
<tagged>
<value>false</value>
</tagged>
</place>
<place id="P12">
<graphics>
<position x="460.0" y="190.0"/>
</graphics>
<name>
<value>ill</value>
<graphics/>
</name>
<initialMarking>
<value>0</value>
<graphics>
<offset x="0.0" y="0.0"/>
</graphics>
</initialMarking>
<tagged>
<value>false</value>
</tagged>
</place>
<place id="P2">
<graphics>
<position x="460.0" y="325.0"/>
</graphics>
<name>
<value>patient assessed</value>
<graphics/>
</name>
<initialMarking>
<value>0</value>
<graphics>
<offset x="0.0" y="0.0"/>
</graphics>
</initialMarking>
<tagged>
<value>false</value>
</tagged>
</place>
<place id="P3">
<graphics>
<position x="460.0" y="460.0"/>
</graphics>
<name>
<value>nurses</value>
<graphics/>
</name>
<initialMarking>
<value>2</value>
<graphics>
<offset x="0.0" y="0.0"/>
</graphics>
</initialMarking>
<tagged>
<value>false</value>
</tagged>
</place>
<place id="P4">
<graphics>
<position x="460.0" y="595.0"/>
</graphics>
<name>
<value>ambulance patient assessed</value>
<graphics/>
</name>
<initialMarking>
<value>0</value>
<graphics>
<offset x="0.0" y="0.0"/>
</graphics>
</initialMarking>
<tagged>
<value>false</value>
</tagged>
</place>
<place id="P5">
<graphics>
<position x="670.0" y="460.0"/>
</graphics>
<name>
<value>waiting to be treated</value>
<graphics/>
</name>
<initialMarking>
<value>0</value>
<graphics>
<offset x="0.0" y="0.0"/>
</graphics>
</initialMarking>
<tagged>
<value>false</value>
</tagged>
</place>
<place id="P6">
<graphics>
<position x="880.0" y="580.0"/>
</graphics>
<name>
<value>test done</value>
<graphics/>
</name>
<initialMarking>
<value>0</value>
<graphics>
<offset x="0.0" y="0.0"/>
</graphics>
</initialMarking>
<tagged>
<value>false</value>
</tagged>
</place>
<place id="P7">
<graphics>
<position x="880.0" y="295.0"/>
</graphics>
<name>
<value>treated by doctor</value>
<graphics/>
</name>
<initialMarking>
<value>0</value>
<graphics>
<offset x="0.0" y="0.0"/>
</graphics>
</initialMarking>
<tagged>
<value>false</value>
</tagged>
</place>
<place id="P8">
<graphics>
<position x="880.0" y="400.0"/>
</graphics>
<name>
<value>doctors</value>
<graphics/>
</name>
<initialMarking>
<value>2</value>
<graphics>
<offset x="0.0" y="0.0"/>
</graphics>
</initialMarking>
<tagged>
<value>false</value>
</tagged>
</place>
<place id="P9">
<graphics>
<position x="880.0" y="505.0"/>
</graphics>
<name>
<value>surgery done</value>
<graphics/>
</name>
<initialMarking>
<value>0</value>
<graphics>
<offset x="0.0" y="0.0"/>
</graphics>
</initialMarking>
<tagged>
<value>false</value>
</tagged>
</place>
<transition id="T0">
<graphics>
<position x="355.0" y="385.0"/>
</graphics>
<name>
<value>see nurse</value>
<graphics/>
</name>
<orientation>
<value>0</value>
</orientation>
<rate>
<value>1.0</value>
</rate>
<timed>
<value>true</value>
</timed>
<infiniteServer>
<value>false</value>
</infiniteServer>
</transition>
<transition id="T1">
<graphics>
<position x="100.0" y="385.0"/>
</graphics>
<name>
<value>walk-in arrival</value>
<graphics/>
</name>
<orientation>
<value>0</value>
</orientation>
<rate>
<value>1.0</value>
</rate>
<timed>
<value>true</value>
</timed>
<infiniteServer>
<value>false</value>
</infiniteServer>
</transition>
<transition id="T10">
<graphics>
<position x="985.0" y="460.0"/>
</graphics>
<name>
<value>recover</value>
<graphics/>
</name>
<orientation>
<value>0</value>
</orientation>
<rate>
<value>1.0</value>
</rate>
<timed>
<value>true</value>
</timed>
<infiniteServer>
<value>false</value>
</infiniteServer>
</transition>
<transition id="T11">
<graphics>
<position x="985.0" y="580.0"/>
</graphics>
<name>
<value>evaluate results</value>
<graphics/>
</name>
<orientation>
<value>0</value>
</orientation>
<rate>
<value>1.0</value>
</rate>
<timed>
<value>true</value>
</timed>
<infiniteServer>
<value>false</value>
</infiniteServer>
</transition>
<transition id="T12">
<graphics>
<position x="1300.0" y="460.0"/>
</graphics>
<name>
<value>discharge recovered patient</value>
<graphics/>
</name>
<orientation>
<value>0</value>
</orientation>
<rate>
<value>1.0</value>
</rate>
<timed>
<value>true</value>
</timed>
<infiniteServer>
<value>false</value>
</infiniteServer>
</transition>
<transition id="T13">
<graphics>
<position x="670.0" y="190.0"/>
</graphics>
<name>
<value>fall ill</value>
<graphics/>
</name>
<orientation>
<value>0</value>
</orientation>
<rate>
<value>1.0</value>
</rate>
<timed>
<value>true</value>
</timed>
<infiniteServer>
<value>false</value>
</infiniteServer>
</transition>
<transition id="T14">
<graphics>
<position x="100.0" y="535.0"/>
</graphics>
<name>
<value>ambulance arrival</value>
<graphics/>
</name>
<orientation>
<value>0</value>
</orientation>
<rate>
<value>1.0</value>
</rate>
<timed>
<value>true</value>
</timed>
<infiniteServer>
<value>false</value>
</infiniteServer>
</transition>
<transition id="T3">
<graphics>
<position x="355.0" y="535.0"/>
</graphics>
<name>
<value>see emergency nurse</value>
<graphics/>
</name>
<orientation>
<value>0</value>
</orientation>
<rate>
<value>1.0</value>
</rate>
<timed>
<value>true</value>
</timed>
<infiniteServer>
<value>false</value>
</infiniteServer>
</transition>
<transition id="T4">
<graphics>
<position x="565.0" y="385.0"/>
</graphics>
<name>
<value>complete assessment</value>
<graphics/>
</name>
<orientation>
<value>0</value>
</orientation>
<rate>
<value>1.0</value>
</rate>
<timed>
<value>true</value>
</timed>
<infiniteServer>
<value>false</value>
</infiniteServer>
</transition>
<transition id="T5">
<graphics>
<position x="565.0" y="535.0"/>
</graphics>
<name>
<value>complete emergency assessment</value>
<graphics/>
</name>
<orientation>
<value>0</value>
</orientation>
<rate>
<value>1.0</value>
</rate>
<timed>
<value>true</value>
</timed>
<infiniteServer>
<value>false</value>
</infiniteServer>
</transition>
<transition id="T6">
<graphics>
<position x="775.0" y="460.0"/>
</graphics>
<name>
<value>surgery</value>
<graphics/>
</name>
<orientation>
<value>0</value>
</orientation>
<rate>
<value>1.0</value>
</rate>
<timed>
<value>true</value>
</timed>
<infiniteServer>
<value>false</value>
</infiniteServer>
</transition>
<transition id="T7">
<graphics>
<position x="775.0" y="340.0"/>
</graphics>
<name>
<value>see doctor</value>
<graphics/>
</name>
<orientation>
<value>0</value>
</orientation>
<rate>
<value>1.0</value>
</rate>
<timed>
<value>true</value>
</timed>
<infiniteServer>
<value>false</value>
</infiniteServer>
</transition>
<transition id="T8">
<graphics>
<position x="775.0" y="580.0"/>
</graphics>
<name>
<value>perform lab tests</value>
<graphics/>
</name>
<orientation>
<value>0</value>
</orientation>
<rate>
<value>1.0</value>
</rate>
<timed>
<value>true</value>
</timed>
<infiniteServer>
<value>false</value>
</infiniteServer>
</transition>
<transition id="T9">
<graphics>
<position x="985.0" y="340.0"/>
</graphics>
<name>
<value>discharge treated patient</value>
<graphics/>
</name>
<orientation>
<value>0</value>
</orientation>
<rate>
<value>1.0</value>
</rate>
<timed>
<value>true</value>
</timed>
<infiniteServer>
<value>false</value>
</infiniteServer>
</transition>
<arc id="P0 to T0" source="P0" target="T0">
<graphics/>
<inscription>
<value>1</value>
<graphics/>
</inscription>
<tagged>
<value>false</value>
</tagged>
<arcpath id="000" x="260" y="396" curvePoint="false"/>
<arcpath id="001" x="360" y="396" curvePoint="false"/>
</arc>
<arc id="P10 to T12" source="P10" target="T12">
<graphics/>
<inscription>
<value>1</value>
<graphics/>
</inscription>
<tagged>
<value>false</value>
</tagged>
<arcpath id="000" x="1160" y="471" curvePoint="false"/>
<arcpath id="001" x="1305" y="471" curvePoint="false"/>
</arc>
<arc id="P11 to T13" source="P11" target="T13">
<graphics/>
<inscription>
<value>1</value>
<graphics/>
</inscription>
<tagged>
<value>false</value>
</tagged>
<arcpath id="000" x="876" y="201" curvePoint="false"/>
<arcpath id="001" x="685" y="201" curvePoint="false"/>
</arc>
<arc id="P12 to T1" source="P12" target="T1">
<graphics/>
<inscription>
<value>1</value>
<graphics/>
</inscription>
<tagged>
<value>false</value>
</tagged>
<arcpath id="000" x="456" y="200" curvePoint="false"/>
<arcpath id="001" x="251" y="206" curvePoint="true"/>
<arcpath id="002" x="116" y="251" curvePoint="true"/>
<arcpath id="003" x="101" y="341" curvePoint="true"/>
<arcpath id="004" x="111" y="381" curvePoint="false"/>
</arc>
<arc id="P12 to T14" source="P12" target="T14">
<graphics/>
<inscription>
<value>1</value>
<graphics/>
</inscription>
<tagged>
<value>false</value>
</tagged>
<arcpath id="000" x="456" y="200" curvePoint="false"/>
<arcpath id="001" x="86" y="251" curvePoint="true"/>
<arcpath id="002" x="101" y="491" curvePoint="true"/>
<arcpath id="003" x="111" y="531" curvePoint="false"/>
</arc>
<arc id="P1 to T3" source="P1" target="T3">
<graphics/>
<inscription>
<value>1</value>
<graphics/>
</inscription>
<tagged>
<value>false</value>
</tagged>
<arcpath id="000" x="260" y="546" curvePoint="false"/>
<arcpath id="001" x="360" y="546" curvePoint="false"/>
</arc>
<arc id="P2 to T4" source="P2" target="T4">
<graphics/>
<inscription>
<value>1</value>
<graphics/>
</inscription>
<tagged>
<value>false</value>
</tagged>
<arcpath id="000" x="484" y="343" curvePoint="false"/>
<arcpath id="001" x="571" y="391" curvePoint="false"/>
</arc>
<arc id="P3 to T0" source="P3" target="T0">
<graphics/>
<inscription>
<value>1</value>
<graphics/>
</inscription>
<tagged>
<value>false</value>
</tagged>
<arcpath id="000" x="458" y="462" curvePoint="false"/>
<arcpath id="001" x="370" y="401" curvePoint="false"/>
</arc>
<arc id="P3 to T3" source="P3" target="T3">
<graphics/>
<inscription>
<value>1</value>
<graphics/>
</inscription>
<tagged>
<value>false</value>
</tagged>
<arcpath id="000" x="458" y="479" curvePoint="false"/>
<arcpath id="001" x="371" y="541" curvePoint="false"/>
</arc>
<arc id="P4 to T5" source="P4" target="T5">
<graphics/>
<inscription>
<value>1</value>
<graphics/>
</inscription>
<tagged>
<value>false</value>
</tagged>
<arcpath id="000" x="484" y="598" curvePoint="false"/>
<arcpath id="001" x="570" y="551" curvePoint="false"/>
</arc>
<arc id="P5 to T6" source="P5" target="T6">
<graphics/>
<inscription>
<value>1</value>
<graphics/>
</inscription>
<tagged>
<value>false</value>
</tagged>
<arcpath id="000" x="695" y="471" curvePoint="false"/>
<arcpath id="001" x="780" y="471" curvePoint="false"/>
</arc>
<arc id="P5 to T7" source="P5" target="T7">
<graphics/>
<inscription>
<value>1</value>
<graphics/>
</inscription>
<tagged>
<value>false</value>
</tagged>
<arcpath id="000" x="690" y="459" curvePoint="false"/>
<arcpath id="001" x="780" y="351" curvePoint="false"/>
</arc>
<arc id="P5 to T8" source="P5" target="T8">
<graphics/>
<inscription>
<value>1</value>
<graphics/>
</inscription>
<tagged>
<value>false</value>
</tagged>
<arcpath id="000" x="690" y="482" curvePoint="false"/>
<arcpath id="001" x="780" y="591" curvePoint="false"/>
</arc>
<arc id="P6 to T11" source="P6" target="T11">
<graphics/>
<inscription>
<value>1</value>
<graphics/>
</inscription>
<tagged>
<value>false</value>
</tagged>
<arcpath id="000" x="905" y="591" curvePoint="false"/>
<arcpath id="001" x="990" y="591" curvePoint="false"/>
</arc>
<arc id="P7 to T9" source="P7" target="T9">
<graphics/>
<inscription>
<value>1</value>
<graphics/>
</inscription>
<tagged>
<value>false</value>
</tagged>
<arcpath id="000" x="904" y="311" curvePoint="false"/>
<arcpath id="001" x="991" y="346" curvePoint="false"/>
</arc>
<arc id="P8 to T6" source="P8" target="T6">
<graphics/>
<inscription>
<value>1</value>
<graphics/>
</inscription>
<tagged>
<value>false</value>
</tagged>
<arcpath id="000" x="877" y="418" curvePoint="false"/>
<arcpath id="001" x="791" y="466" curvePoint="false"/>
</arc>
<arc id="P8 to T7" source="P8" target="T7">
<graphics/>
<inscription>
<value>1</value>
<graphics/>
</inscription>
<tagged>
<value>false</value>
</tagged>
<arcpath id="000" x="877" y="403" curvePoint="false"/>
<arcpath id="001" x="790" y="356" curvePoint="false"/>
</arc>
<arc id="P9 to T10" source="P9" target="T10">
<graphics/>
<inscription>
<value>1</value>
<graphics/>
</inscription>
<tagged>
<value>false</value>
</tagged>
<arcpath id="000" x="904" y="510" curvePoint="false"/>
<arcpath id="001" x="990" y="476" curvePoint="false"/>
</arc>
<arc id="T0 to P2" source="T0" target="P2">
<graphics/>
<inscription>
<value>1</value>
<graphics/>
</inscription>
<tagged>
<value>false</value>
</tagged>
<arcpath id="000" x="371" y="391" curvePoint="false"/>
<arcpath id="001" x="457" y="343" curvePoint="false"/>
</arc>
<arc id="T10 to P10" source="T10" target="P10">
<graphics/>
<inscription>
<value>1</value>
<graphics/>
</inscription>
<tagged>
<value>false</value>
</tagged>
<arcpath id="000" x="1000" y="471" curvePoint="false"/>
<arcpath id="001" x="1131" y="471" curvePoint="false"/>
</arc>
<arc id="T10 to P8" source="T10" target="P8">
<graphics/>
<inscription>
<value>1</value>
<graphics/>
</inscription>
<tagged>
<value>false</value>
</tagged>
<arcpath id="000" x="991" y="466" curvePoint="false"/>
<arcpath id="001" x="904" y="418" curvePoint="false"/>
</arc>
<arc id="T11 to P5" source="T11" target="P5">
<graphics/>
<inscription>
<value>1</value>
<graphics/>
</inscription>
<tagged>
<value>false</value>
</tagged>
<arcpath id="000" x="996" y="606" curvePoint="false"/>
<arcpath id="001" x="971" y="671" curvePoint="true"/>
<arcpath id="002" x="671" y="611" curvePoint="true"/>
<arcpath id="003" x="679" y="485" curvePoint="false"/>
</arc>
<arc id="T12 to P11" source="T12" target="P11">
<graphics/>
<inscription>
<value>1</value>
<graphics/>
</inscription>
<tagged>
<value>false</value>
</tagged>
<arcpath id="000" x="1311" y="456" curvePoint="false"/>
<arcpath id="001" x="1286" y="281" curvePoint="true"/>
<arcpath id="002" x="1136" y="206" curvePoint="true"/>
<arcpath id="003" x="905" y="201" curvePoint="false"/>
</arc>
<arc id="T13 to P12" source="T13" target="P12">
<graphics/>
<inscription>
<value>1</value>
<graphics/>
</inscription>
<tagged>
<value>false</value>
</tagged>
<arcpath id="000" x="675" y="201" curvePoint="false"/>
<arcpath id="001" x="485" y="201" curvePoint="false"/>
</arc>
<arc id="T14 to P1" source="T14" target="P1">
<graphics/>
<inscription>
<value>1</value>
<graphics/>
</inscription>
<tagged>
<value>false</value>
</tagged>
<arcpath id="000" x="115" y="546" curvePoint="false"/>
<arcpath id="001" x="231" y="546" curvePoint="false"/>
</arc>
<arc id="T1 to P0" source="T1" target="P0">
<graphics/>
<inscription>
<value>1</value>
<graphics/>
</inscription>
<tagged>
<value>false</value>
</tagged>
<arcpath id="000" x="115" y="396" curvePoint="false"/>
<arcpath id="001" x="231" y="396" curvePoint="false"/>
</arc>
<arc id="T3 to P4" source="T3" target="P4">
<graphics/>
<inscription>
<value>1</value>
<graphics/>
</inscription>
<tagged>
<value>false</value>
</tagged>
<arcpath id="000" x="370" y="551" curvePoint="false"/>
<arcpath id="001" x="457" y="598" curvePoint="false"/>
</arc>
<arc id="T4 to P3" source="T4" target="P3">
<graphics/>
<inscription>
<value>1</value>
<graphics/>
</inscription>
<tagged>
<value>false</value>
</tagged>
<arcpath id="000" x="570" y="401" curvePoint="false"/>
<arcpath id="001" x="483" y="462" curvePoint="false"/>
</arc>
<arc id="T4 to P5" source="T4" target="P5">
<graphics/>
<inscription>
<value>1</value>
<graphics/>
</inscription>
<tagged>
<value>false</value>
</tagged>
<arcpath id="000" x="580" y="396" curvePoint="false"/>
<arcpath id="001" x="668" y="462" curvePoint="false"/>
</arc>
<arc id="T5 to P3" source="T5" target="P3">
<graphics/>
<inscription>
<value>1</value>
<graphics/>
</inscription>
<tagged>
<value>false</value>
</tagged>
<arcpath id="000" x="571" y="541" curvePoint="false"/>
<arcpath id="001" x="483" y="479" curvePoint="false"/>
</arc>
<arc id="T5 to P5" source="T5" target="P5">
<graphics/>
<inscription>
<value>1</value>
<graphics/>
</inscription>
<tagged>
<value>false</value>
</tagged>
<arcpath id="000" x="580" y="546" curvePoint="false"/>
<arcpath id="001" x="669" y="480" curvePoint="false"/>
</arc>
<arc id="T6 to P9" source="T6" target="P9">
<graphics/>
<inscription>
<value>1</value>
<graphics/>
</inscription>
<tagged>
<value>false</value>
</tagged>
<arcpath id="000" x="790" y="476" curvePoint="false"/>
<arcpath id="001" x="877" y="510" curvePoint="false"/>
</arc>
<arc id="T7 to P7" source="T7" target="P7">
<graphics/>
<inscription>
<value>1</value>
<graphics/>
</inscription>
<tagged>
<value>false</value>
</tagged>
<arcpath id="000" x="791" y="346" curvePoint="false"/>
<arcpath id="001" x="877" y="311" curvePoint="false"/>
</arc>
<arc id="T8 to P6" source="T8" target="P6">
<graphics/>
<inscription>
<value>1</value>
<graphics/>
</inscription>
<tagged>
<value>false</value>
</tagged>
<arcpath id="000" x="790" y="591" curvePoint="false"/>
<arcpath id="001" x="876" y="591" curvePoint="false"/>
</arc>
<arc id="T9 to P11" source="T9" target="P11">
<graphics/>
<inscription>
<value>1</value>
<graphics/>
</inscription>
<tagged>
<value>false</value>
</tagged>
<arcpath id="000" x="996" y="336" curvePoint="false"/>
<arcpath id="001" x="956" y="206" curvePoint="true"/>
<arcpath id="002" x="905" y="202" curvePoint="false"/>
</arc>
<arc id="T9 to P8" source="T9" target="P8">
<graphics/>
<inscription>
<value>1</value>
<graphics/>
</inscription>
<tagged>
<value>false</value>
</tagged>
<arcpath id="000" x="990" y="356" curvePoint="false"/>
<arcpath id="001" x="904" y="403" curvePoint="false"/>
</arc>
<stategroup id="SG1">
<name>
<value>initial state</value>
</name>
<statecondition>
<value>P8 == 2</value>
</statecondition>
<statecondition>
<value>P11 == 5</value>
</statecondition>
<statecondition>
<value>P3 == 2</value>
</statecondition>
</stategroup>
</net>
</pnml>
