<?xml version="1.0" encoding="iso-8859-1"?>
<pnml>
<net id="Net-One" type="P/T net">
<token id="Critical Condition" enabled="true" red="255" green="0" blue="0"/>
<token id="Non-Critical Condition" enabled="true" red="0" green="0" blue="255"/>
<token id="Unassigned" enabled="true" red="0" green="0" blue="0"/>
<place id="Ambulance Patient Being Assessed">
<graphics>
<position x="481.0" y="616.0"/>
</graphics>
<name>
<value>Ambulance Patient Being Assessed</value>
<graphics>
<offset x="95.0" y="49.0"/>
</graphics>
</name>
<initialMarking>
<value>Unassigned,0,Critical Condition,0,Non-Critical Condition,0</value>
<graphics>
<offset x="0.0" y="0.0"/>
</graphics>
</initialMarking>
<capacity>
<value>0</value>
</capacity>
</place>
<place id="P0">
<graphics>
<position x="256.0" y="406.0"/>
</graphics>
<name>
<value>Waiting Room</value>
<graphics>
<offset x="55.0" y="-10.0"/>
</graphics>
</name>
<initialMarking>
<value>Unassigned,0,Critical Condition,0,Non-Critical Condition,0</value>
<graphics>
<offset x="0.0" y="0.0"/>
</graphics>
</initialMarking>
<capacity>
<value>0</value>
</capacity>
</place>
<place id="P1">
<graphics>
<position x="256.0" y="556.0"/>
</graphics>
<name>
<value>Trolley</value>
<graphics>
<offset x="34.0" y="-8.0"/>
</graphics>
</name>
<initialMarking>
<value>Unassigned,0,Critical Condition,0,Non-Critical Condition,0</value>
<graphics>
<offset x="0.0" y="0.0"/>
</graphics>
</initialMarking>
<capacity>
<value>0</value>
</capacity>
</place>
<place id="P10">
<graphics>
<position x="1096.0" y="481.0"/>
</graphics>
<name>
<value>Patient Recovered</value>
<graphics>
<offset x="65.0" y="41.0"/>
</graphics>
</name>
<initialMarking>
<value>Unassigned,0,Critical Condition,0,Non-Critical Condition,0</value>
<graphics>
<offset x="0.0" y="0.0"/>
</graphics>
</initialMarking>
<capacity>
<value>0</value>
</capacity>
</place>
<place id="P11">
<graphics>
<position x="901.0" y="211.0"/>
</graphics>
<name>
<value>Healthy</value>
<graphics>
<offset x="35.0" y="-13.0"/>
</graphics>
</name>
<initialMarking>
<value>Unassigned,5,Critical Condition,0,Non-Critical Condition,0</value>
<graphics>
<offset x="0.0" y="0.0"/>
</graphics>
</initialMarking>
<capacity>
<value>0</value>
</capacity>
</place>
<place id="P12">
<graphics>
<position x="481.0" y="211.0"/>
</graphics>
<name>
<value>Unwell</value>
<graphics>
<offset x="38.0" y="-11.0"/>
</graphics>
</name>
<initialMarking>
<value>Unassigned,0,Critical Condition,0,Non-Critical Condition,0</value>
<graphics>
<offset x="0.0" y="0.0"/>
</graphics>
</initialMarking>
<capacity>
<value>0</value>
</capacity>
</place>
<place id="P3">
<graphics>
<position x="481.0" y="481.0"/>
</graphics>
<name>
<value>Nurses</value>
<graphics>
<offset x="0.0" y="0.0"/>
</graphics>
</name>
<initialMarking>
<value>Unassigned,2,Critical Condition,0,Non-Critical Condition,0</value>
<graphics>
<offset x="0.0" y="0.0"/>
</graphics>
</initialMarking>
<capacity>
<value>0</value>
</capacity>
</place>
<place id="P5">
<graphics>
<position x="691.0" y="481.0"/>
</graphics>
<name>
<value>Waiting to be treated</value>
<graphics>
<offset x="64.0" y="-27.0"/>
</graphics>
</name>
<initialMarking>
<value>Unassigned,0,Critical Condition,0,Non-Critical Condition,0</value>
<graphics>
<offset x="0.0" y="0.0"/>
</graphics>
</initialMarking>
<capacity>
<value>0</value>
</capacity>
</place>
<place id="P6">
<graphics>
<position x="907.0" y="646.0"/>
</graphics>
<name>
<value>Test done</value>
<graphics>
<offset x="38.0" y="-10.0"/>
</graphics>
</name>
<initialMarking>
<value>Unassigned,0,Critical Condition,0,Non-Critical Condition,0</value>
<graphics>
<offset x="0.0" y="0.0"/>
</graphics>
</initialMarking>
<capacity>
<value>0</value>
</capacity>
</place>
<place id="P7">
<graphics>
<position x="901.0" y="316.0"/>
</graphics>
<name>
<value>Treated by doctor</value>
<graphics>
<offset x="61.0" y="-14.0"/>
</graphics>
</name>
<initialMarking>
<value>Unassigned,0,Critical Condition,0,Non-Critical Condition,0</value>
<graphics>
<offset x="0.0" y="0.0"/>
</graphics>
</initialMarking>
<capacity>
<value>0</value>
</capacity>
</place>
<place id="P8">
<graphics>
<position x="901.0" y="421.0"/>
</graphics>
<name>
<value>Doctors</value>
<graphics>
<offset x="36.0" y="-12.0"/>
</graphics>
</name>
<initialMarking>
<value>Unassigned,2,Critical Condition,0,Non-Critical Condition,0</value>
<graphics>
<offset x="0.0" y="0.0"/>
</graphics>
</initialMarking>
<capacity>
<value>0</value>
</capacity>
</place>
<place id="P9">
<graphics>
<position x="901.0" y="526.0"/>
</graphics>
<name>
<value>Surgery Done</value>
<graphics>
<offset x="47.0" y="-8.0"/>
</graphics>
</name>
<initialMarking>
<value>Unassigned,0,Critical Condition,0,Non-Critical Condition,0</value>
<graphics>
<offset x="0.0" y="0.0"/>
</graphics>
</initialMarking>
<capacity>
<value>0</value>
</capacity>
</place>
<place id="Patient Being Assessed">
<graphics>
<position x="481.0" y="346.0"/>
</graphics>
<name>
<value>Patient Being Assessed</value>
<graphics>
<offset x="72.0" y="-10.0"/>
</graphics>
</name>
<initialMarking>
<value>Unassigned,0,Critical Condition,0,Non-Critical Condition,0</value>
<graphics>
<offset x="0.0" y="0.0"/>
</graphics>
</initialMarking>
<capacity>
<value>0</value>
</capacity>
</place>
<transition id="T0">
<graphics>
<position x="376.0" y="406.0"/>
</graphics>
<name>
<value>T0</value>
<graphics>
<offset x="0.0" y="0.0"/>
</graphics>
</name>
<orientation>
<value>0</value>
</orientation>
<rate>
<value>1.0</value>
</rate>
<timed>
<value>true</value>
</timed>
<infiniteServer>
<value>false</value>
</infiniteServer>
<priority>
<value>1</value>
</priority>
</transition>
<transition id="T1">
<graphics>
<position x="181.0" y="406.0"/>
</graphics>
<name>
<value>T1</value>
<graphics>
<offset x="37.0" y="39.0"/>
</graphics>
</name>
<orientation>
<value>0</value>
</orientation>
<rate>
<value>1.0</value>
</rate>
<timed>
<value>true</value>
</timed>
<infiniteServer>
<value>false</value>
</infiniteServer>
<priority>
<value>1</value>
</priority>
</transition>
<transition id="T10">
<graphics>
<position x="1006.0" y="451.0"/>
</graphics>
<name>
<value>T10</value>
<graphics>
<offset x="0.0" y="0.0"/>
</graphics>
</name>
<orientation>
<value>0</value>
</orientation>
<rate>
<value>1.0</value>
</rate>
<timed>
<value>true</value>
</timed>
<infiniteServer>
<value>false</value>
</infiniteServer>
<priority>
<value>1</value>
</priority>
</transition>
<transition id="T11">
<graphics>
<position x="1006.0" y="601.0"/>
</graphics>
<name>
<value>T11</value>
<graphics>
<offset x="0.0" y="0.0"/>
</graphics>
</name>
<orientation>
<value>0</value>
</orientation>
<rate>
<value>1.0</value>
</rate>
<timed>
<value>true</value>
</timed>
<infiniteServer>
<value>false</value>
</infiniteServer>
<priority>
<value>1</value>
</priority>
</transition>
<transition id="T12">
<graphics>
<position x="1186.0" y="481.0"/>
</graphics>
<name>
<value>T12</value>
<graphics>
<offset x="0.0" y="0.0"/>
</graphics>
</name>
<orientation>
<value>0</value>
</orientation>
<rate>
<value>1.0</value>
</rate>
<timed>
<value>true</value>
</timed>
<infiniteServer>
<value>false</value>
</infiniteServer>
<priority>
<value>1</value>
</priority>
</transition>
<transition id="T13">
<graphics>
<position x="691.0" y="211.0"/>
</graphics>
<name>
<value>T13</value>
<graphics>
<offset x="0.0" y="0.0"/>
</graphics>
</name>
<orientation>
<value>0</value>
</orientation>
<rate>
<value>1.0</value>
</rate>
<timed>
<value>true</value>
</timed>
<infiniteServer>
<value>false</value>
</infiniteServer>
<priority>
<value>1</value>
</priority>
</transition>
<transition id="T14">
<graphics>
<position x="181.0" y="556.0"/>
</graphics>
<name>
<value>T14</value>
<graphics>
<offset x="0.0" y="0.0"/>
</graphics>
</name>
<orientation>
<value>0</value>
</orientation>
<rate>
<value>1.0</value>
</rate>
<timed>
<value>true</value>
</timed>
<infiniteServer>
<value>false</value>
</infiniteServer>
<priority>
<value>1</value>
</priority>
</transition>
<transition id="T15">
<graphics>
<position x="586.0" y="361.0"/>
</graphics>
<name>
<value>T15</value>
<graphics>
<offset x="-5.0" y="35.0"/>
</graphics>
</name>
<orientation>
<value>0</value>
</orientation>
<rate>
<value>1.0</value>
</rate>
<timed>
<value>true</value>
</timed>
<infiniteServer>
<value>false</value>
</infiniteServer>
<priority>
<value>1</value>
</priority>
</transition>
<transition id="T16">
<graphics>
<position x="796.0" y="316.0"/>
</graphics>
<name>
<value>T16</value>
<graphics>
<offset x="-5.0" y="35.0"/>
</graphics>
</name>
<orientation>
<value>0</value>
</orientation>
<rate>
<value>100.0</value>
</rate>
<timed>
<value>true</value>
</timed>
<infiniteServer>
<value>false</value>
</infiniteServer>
<priority>
<value>1</value>
</priority>
</transition>
<transition id="T17">
<graphics>
<position x="586.0" y="601.0"/>
</graphics>
<name>
<value>T17</value>
<graphics>
<offset x="-5.0" y="35.0"/>
</graphics>
</name>
<orientation>
<value>0</value>
</orientation>
<rate>
<value>1.0</value>
</rate>
<timed>
<value>true</value>
</timed>
<infiniteServer>
<value>false</value>
</infiniteServer>
<priority>
<value>1</value>
</priority>
</transition>
<transition id="T18">
<graphics>
<position x="796.0" y="526.0"/>
</graphics>
<name>
<value>T18</value>
<graphics>
<offset x="-5.0" y="35.0"/>
</graphics>
</name>
<orientation>
<value>0</value>
</orientation>
<rate>
<value>100.0</value>
</rate>
<timed>
<value>true</value>
</timed>
<infiniteServer>
<value>false</value>
</infiniteServer>
<priority>
<value>1</value>
</priority>
</transition>
<transition id="T19">
<graphics>
<position x="796.0" y="646.0"/>
</graphics>
<name>
<value>T19</value>
<graphics>
<offset x="-5.0" y="35.0"/>
</graphics>
</name>
<orientation>
<value>0</value>
</orientation>
<rate>
<value>100.0</value>
</rate>
<timed>
<value>true</value>
</timed>
<infiniteServer>
<value>false</value>
</infiniteServer>
<priority>
<value>1</value>
</priority>
</transition>
<transition id="T20">
<graphics>
<position x="1006.0" y="556.0"/>
</graphics>
<name>
<value>T20</value>
<graphics>
<offset x="-5.0" y="35.0"/>
</graphics>
</name>
<orientation>
<value>0</value>
</orientation>
<rate>
<value>100.0</value>
</rate>
<timed>
<value>true</value>
</timed>
<infiniteServer>
<value>false</value>
</infiniteServer>
<priority>
<value>1</value>
</priority>
</transition>
<transition id="T3">
<graphics>
<position x="376.0" y="556.0"/>
</graphics>
<name>
<value>T3</value>
<graphics>
<offset x="0.0" y="0.0"/>
</graphics>
</name>
<orientation>
<value>0</value>
</orientation>
<rate>
<value>1.0</value>
</rate>
<timed>
<value>true</value>
</timed>
<infiniteServer>
<value>false</value>
</infiniteServer>
<priority>
<value>1</value>
</priority>
</transition>
<transition id="T4">
<graphics>
<position x="586.0" y="406.0"/>
</graphics>
<name>
<value>T4</value>
<graphics>
<offset x="0.0" y="0.0"/>
</graphics>
</name>
<orientation>
<value>0</value>
</orientation>
<rate>
<value>1.0</value>
</rate>
<timed>
<value>true</value>
</timed>
<infiniteServer>
<value>false</value>
</infiniteServer>
<priority>
<value>1</value>
</priority>
</transition>
<transition id="T5">
<graphics>
<position x="586.0" y="556.0"/>
</graphics>
<name>
<value>T5</value>
<graphics>
<offset x="0.0" y="0.0"/>
</graphics>
</name>
<orientation>
<value>0</value>
</orientation>
<rate>
<value>1.0</value>
</rate>
<timed>
<value>true</value>
</timed>
<infiniteServer>
<value>false</value>
</infiniteServer>
<priority>
<value>1</value>
</priority>
</transition>
<transition id="T6">
<graphics>
<position x="796.0" y="481.0"/>
</graphics>
<name>
<value>T6</value>
<graphics>
<offset x="0.0" y="0.0"/>
</graphics>
</name>
<orientation>
<value>0</value>
</orientation>
<rate>
<value>1.0</value>
</rate>
<timed>
<value>true</value>
</timed>
<infiniteServer>
<value>false</value>
</infiniteServer>
<priority>
<value>1</value>
</priority>
</transition>
<transition id="T7">
<graphics>
<position x="796.0" y="361.0"/>
</graphics>
<name>
<value>T7</value>
<graphics>
<offset x="0.0" y="0.0"/>
</graphics>
</name>
<orientation>
<value>0</value>
</orientation>
<rate>
<value>1.0</value>
</rate>
<timed>
<value>true</value>
</timed>
<infiniteServer>
<value>false</value>
</infiniteServer>
<priority>
<value>1</value>
</priority>
</transition>
<transition id="T8">
<graphics>
<position x="796.0" y="601.0"/>
</graphics>
<name>
<value>T8</value>
<graphics>
<offset x="0.0" y="0.0"/>
</graphics>
</name>
<orientation>
<value>0</value>
</orientation>
<rate>
<value>1.0</value>
</rate>
<timed>
<value>true</value>
</timed>
<infiniteServer>
<value>false</value>
</infiniteServer>
<priority>
<value>1</value>
</priority>
</transition>
<transition id="T9">
<graphics>
<position x="1006.0" y="361.0"/>
</graphics>
<name>
<value>T9</value>
<graphics>
<offset x="0.0" y="0.0"/>
</graphics>
</name>
<orientation>
<value>0</value>
</orientation>
<rate>
<value>1.0</value>
</rate>
<timed>
<value>true</value>
</timed>
<infiniteServer>
<value>false</value>
</infiniteServer>
<priority>
<value>1</value>
</priority>
</transition>
<arc id="P0 to T0" source="P0" target="T0">
<graphics/>
<inscription>
<value>Unassigned,1,Critical Condition,0,Non-Critical Condition,0</value>
<graphics/>
</inscription>
<tagged>
<value>false</value>
</tagged>
<arcpath id="000" x="282" y="418" curvePoint="false"/>
<arcpath id="001" x="382" y="418" curvePoint="false"/>
<type value="normal"/>
</arc>
<arc id="P10 to T12" source="P10" target="T12">
<graphics/>
<inscription>
<value>Unassigned,1,Critical Condition,0,Non-Critical Condition,0</value>
<graphics/>
</inscription>
<tagged>
<value>false</value>
</tagged>
<arcpath id="000" x="1122" y="493" curvePoint="false"/>
<arcpath id="001" x="1192" y="493" curvePoint="false"/>
<type value="normal"/>
</arc>
<arc id="P11 to T13" source="P11" target="T13">
<graphics/>
<inscription>
<value>Unassigned,1,Critical Condition,0,Non-Critical Condition,0</value>
<graphics/>
</inscription>
<tagged>
<value>false</value>
</tagged>
<arcpath id="000" x="898" y="223" curvePoint="false"/>
<arcpath id="001" x="707" y="223" curvePoint="false"/>
<type value="normal"/>
</arc>
<arc id="P12 to T1" source="P12" target="T1">
<graphics/>
<inscription>
<value>Unassigned,1,Critical Condition,0,Non-Critical Condition,0</value>
<graphics/>
</inscription>
<tagged>
<value>false</value>
</tagged>
<arcpath id="000" x="478" y="224" curvePoint="false"/>
<arcpath id="001" x="301" y="241" curvePoint="true"/>
<arcpath id="002" x="181" y="271" curvePoint="true"/>
<arcpath id="003" x="106" y="346" curvePoint="true"/>
<arcpath id="004" x="187" y="418" curvePoint="false"/>
<type value="normal"/>
</arc>
<arc id="P12 to T14" source="P12" target="T14">
<graphics/>
<inscription>
<value>Unassigned,1,Critical Condition,0,Non-Critical Condition,0</value>
<graphics/>
</inscription>
<tagged>
<value>false</value>
</tagged>
<arcpath id="000" x="479" y="228" curvePoint="false"/>
<arcpath id="001" x="211" y="361" curvePoint="true"/>
<arcpath id="002" x="121" y="496" curvePoint="true"/>
<arcpath id="003" x="187" y="568" curvePoint="false"/>
<type value="normal"/>
</arc>
<arc id="P1 to T3" source="P1" target="T3">
<graphics/>
<inscription>
<value>Unassigned,1,Critical Condition,0,Non-Critical Condition,0</value>
<graphics/>
</inscription>
<tagged>
<value>false</value>
</tagged>
<arcpath id="000" x="282" y="568" curvePoint="false"/>
<arcpath id="001" x="382" y="568" curvePoint="false"/>
<type value="normal"/>
</arc>
<arc id="P2 to T15" source="Patient Being Assessed" target="T15">
<graphics/>
<inscription>
<value>Critical Condition,0,Non-Critical Condition,0,Unassigned,1</value>
<graphics/>
</inscription>
<tagged>
<value>false</value>
</tagged>
<arcpath id="000" x="507" y="359" curvePoint="false"/>
<arcpath id="001" x="593" y="368" curvePoint="false"/>
<type value="normal"/>
</arc>
<arc id="P2 to T4" source="Patient Being Assessed" target="T4">
<graphics/>
<inscription>
<value>Unassigned,1,Critical Condition,0,Non-Critical Condition,0</value>
<graphics/>
</inscription>
<tagged>
<value>false</value>
</tagged>
<arcpath id="000" x="506" y="365" curvePoint="false"/>
<arcpath id="001" x="593" y="413" curvePoint="false"/>
<type value="normal"/>
</arc>
<arc id="P3 to T0" source="P3" target="T0">
<graphics/>
<inscription>
<value>Unassigned,1,Critical Condition,0,Non-Critical Condition,0</value>
<graphics/>
</inscription>
<tagged>
<value>false</value>
</tagged>
<arcpath id="000" x="480" y="484" curvePoint="false"/>
<arcpath id="001" x="392" y="423" curvePoint="false"/>
<type value="normal"/>
</arc>
<arc id="P3 to T3" source="P3" target="T3">
<graphics/>
<inscription>
<value>Unassigned,1,Critical Condition,0,Non-Critical Condition,0</value>
<graphics/>
</inscription>
<tagged>
<value>false</value>
</tagged>
<arcpath id="000" x="481" y="502" curvePoint="false"/>
<arcpath id="001" x="393" y="563" curvePoint="false"/>
<type value="normal"/>
</arc>
<arc id="P4 to T17" source="Ambulance Patient Being Assessed" target="T17">
<graphics/>
<inscription>
<value>Critical Condition,0,Non-Critical Condition,0,Unassigned,1</value>
<graphics/>
</inscription>
<tagged>
<value>false</value>
</tagged>
<arcpath id="000" x="507" y="626" curvePoint="false"/>
<arcpath id="001" x="592" y="618" curvePoint="false"/>
<type value="normal"/>
</arc>
<arc id="P4 to T5" source="Ambulance Patient Being Assessed" target="T5">
<graphics/>
<inscription>
<value>Unassigned,1,Critical Condition,0,Non-Critical Condition,0</value>
<graphics/>
</inscription>
<tagged>
<value>false</value>
</tagged>
<arcpath id="000" x="506" y="620" curvePoint="false"/>
<arcpath id="001" x="592" y="573" curvePoint="false"/>
<type value="normal"/>
</arc>
<arc id="P5 to T16" source="P5" target="T16">
<graphics/>
<inscription>
<value>Critical Condition,1</value>
<graphics/>
</inscription>
<tagged>
<value>false</value>
</tagged>
<arcpath id="000" x="710" y="480" curvePoint="false"/>
<arcpath id="001" x="802" y="328" curvePoint="false"/>
<type value="normal"/>
</arc>
<arc id="P5 to T18" source="P5" target="T18">
<graphics/>
<inscription>
<value>Critical Condition,1</value>
<graphics/>
</inscription>
<tagged>
<value>false</value>
</tagged>
<arcpath id="000" x="716" y="499" curvePoint="false"/>
<arcpath id="001" x="802" y="538" curvePoint="false"/>
<type value="normal"/>
</arc>
<arc id="P5 to T19" source="P5" target="T19">
<graphics/>
<inscription>
<value>Critical Condition,1</value>
<graphics/>
</inscription>
<tagged>
<value>false</value>
</tagged>
<arcpath id="000" x="710" y="505" curvePoint="false"/>
<arcpath id="001" x="802" y="658" curvePoint="false"/>
<type value="normal"/>
</arc>
<arc id="P5 to T6" source="P5" target="T6">
<graphics/>
<inscription>
<value>Unassigned,0,Critical Condition,0,Non-Critical Condition,1</value>
<graphics/>
</inscription>
<tagged>
<value>false</value>
</tagged>
<arcpath id="000" x="717" y="493" curvePoint="false"/>
<arcpath id="001" x="802" y="493" curvePoint="false"/>
<type value="normal"/>
</arc>
<arc id="P5 to T7" source="P5" target="T7">
<graphics/>
<inscription>
<value>Unassigned,0,Critical Condition,0,Non-Critical Condition,1</value>
<graphics/>
</inscription>
<tagged>
<value>false</value>
</tagged>
<arcpath id="000" x="712" y="481" curvePoint="false"/>
<arcpath id="001" x="802" y="373" curvePoint="false"/>
<type value="normal"/>
</arc>
<arc id="P5 to T8" source="P5" target="T8">
<graphics/>
<inscription>
<value>Unassigned,0,Critical Condition,0,Non-Critical Condition,1</value>
<graphics/>
</inscription>
<tagged>
<value>false</value>
</tagged>
<arcpath id="000" x="712" y="504" curvePoint="false"/>
<arcpath id="001" x="802" y="613" curvePoint="false"/>
<type value="normal"/>
</arc>
<arc id="P6 to T11" source="P6" target="T11">
<graphics/>
<inscription>
<value>Unassigned,0,Critical Condition,0,Non-Critical Condition,1</value>
<graphics/>
</inscription>
<tagged>
<value>false</value>
</tagged>
<arcpath id="000" x="932" y="651" curvePoint="false"/>
<arcpath id="001" x="1012" y="613" curvePoint="false"/>
<type value="normal"/>
</arc>
<arc id="P6 to T20" source="P6" target="T20">
<graphics/>
<inscription>
<value>Critical Condition,1</value>
<graphics/>
</inscription>
<tagged>
<value>false</value>
</tagged>
<arcpath id="000" x="929" y="647" curvePoint="false"/>
<arcpath id="001" x="1012" y="568" curvePoint="false"/>
<type value="normal"/>
</arc>
<arc id="P7 to T9" source="P7" target="T9">
<graphics/>
<inscription>
<value>Unassigned,1,Critical Condition,0,Non-Critical Condition,0</value>
<graphics/>
</inscription>
<tagged>
<value>false</value>
</tagged>
<arcpath id="000" x="926" y="334" curvePoint="false"/>
<arcpath id="001" x="1013" y="368" curvePoint="false"/>
<type value="normal"/>
</arc>
<arc id="P8 to T16" source="P8" target="T16">
<graphics/>
<inscription>
<value>Critical Condition,0,Non-Critical Condition,0,Unassigned,1</value>
<graphics/>
</inscription>
<tagged>
<value>false</value>
</tagged>
<arcpath id="000" x="902" y="422" curvePoint="false"/>
<arcpath id="001" x="812" y="333" curvePoint="false"/>
<type value="normal"/>
</arc>
<arc id="P8 to T18" source="P8" target="T18">
<graphics/>
<inscription>
<value>Critical Condition,0,Non-Critical Condition,0,Unassigned,1</value>
<graphics/>
</inscription>
<tagged>
<value>false</value>
</tagged>
<arcpath id="000" x="902" y="443" curvePoint="false"/>
<arcpath id="001" x="813" y="533" curvePoint="false"/>
<type value="normal"/>
</arc>
<arc id="P8 to T6" source="P8" target="T6">
<graphics/>
<inscription>
<value>Unassigned,1,Critical Condition,0,Non-Critical Condition,0</value>
<graphics/>
</inscription>
<tagged>
<value>false</value>
</tagged>
<arcpath id="000" x="899" y="440" curvePoint="false"/>
<arcpath id="001" x="813" y="488" curvePoint="false"/>
<type value="normal"/>
</arc>
<arc id="P8 to T7" source="P8" target="T7">
<graphics/>
<inscription>
<value>Unassigned,1,Critical Condition,0,Non-Critical Condition,0</value>
<graphics/>
</inscription>
<tagged>
<value>false</value>
</tagged>
<arcpath id="000" x="900" y="425" curvePoint="false"/>
<arcpath id="001" x="812" y="378" curvePoint="false"/>
<type value="normal"/>
</arc>
<arc id="P9 to T10" source="P9" target="T10">
<graphics/>
<inscription>
<value>Unassigned,1,Critical Condition,0,Non-Critical Condition,0</value>
<graphics/>
</inscription>
<tagged>
<value>false</value>
</tagged>
<arcpath id="000" x="925" y="529" curvePoint="false"/>
<arcpath id="001" x="1012" y="468" curvePoint="false"/>
<type value="normal"/>
</arc>
<arc id="T0 to P2" source="T0" target="Patient Being Assessed">
<graphics/>
<inscription>
<value>Unassigned,1,Critical Condition,0,Non-Critical Condition,0</value>
<graphics/>
</inscription>
<tagged>
<value>false</value>
</tagged>
<arcpath id="000" x="393" y="413" curvePoint="false"/>
<arcpath id="001" x="479" y="365" curvePoint="false"/>
<type value="normal"/>
</arc>
<arc id="T10 to P10" source="T10" target="P10">
<graphics/>
<inscription>
<value>Unassigned,1,Critical Condition,0,Non-Critical Condition,0</value>
<graphics/>
</inscription>
<tagged>
<value>false</value>
</tagged>
<arcpath id="000" x="1022" y="463" curvePoint="false"/>
<arcpath id="001" x="1093" y="488" curvePoint="false"/>
<type value="normal"/>
</arc>
<arc id="T10 to P8" source="T10" target="P8">
<graphics/>
<inscription>
<value>Unassigned,1,Critical Condition,0,Non-Critical Condition,0</value>
<graphics/>
</inscription>
<tagged>
<value>false</value>
</tagged>
<arcpath id="000" x="1013" y="458" curvePoint="false"/>
<arcpath id="001" x="927" y="436" curvePoint="false"/>
<type value="normal"/>
</arc>
<arc id="T11 to P5" source="T11" target="P5">
<graphics/>
<inscription>
<value>Critical Condition,0,Unassigned,0,Non-Critical Condition,1</value>
<graphics/>
</inscription>
<tagged>
<value>false</value>
</tagged>
<arcpath id="000" x="1022" y="613" curvePoint="false"/>
<arcpath id="001" x="1080" y="660" curvePoint="false"/>
<arcpath id="002" x="1035" y="720" curvePoint="false"/>
<arcpath id="003" x="690" y="720" curvePoint="false"/>
<arcpath id="004" x="702" y="507" curvePoint="false"/>
<type value="normal"/>
</arc>
<arc id="T12 to P11" source="T12" target="P11">
<graphics/>
<inscription>
<value>Unassigned,1,Critical Condition,0,Non-Critical Condition,0</value>
<graphics/>
</inscription>
<tagged>
<value>false</value>
</tagged>
<arcpath id="000" x="1198" y="478" curvePoint="false"/>
<arcpath id="001" x="1141" y="271" curvePoint="true"/>
<arcpath id="002" x="1021" y="241" curvePoint="true"/>
<arcpath id="003" x="927" y="225" curvePoint="false"/>
<type value="normal"/>
</arc>
<arc id="T13 to P12" source="T13" target="P12">
<graphics/>
<inscription>
<value>Unassigned,1,Critical Condition,0,Non-Critical Condition,0</value>
<graphics/>
</inscription>
<tagged>
<value>false</value>
</tagged>
<arcpath id="000" x="697" y="223" curvePoint="false"/>
<arcpath id="001" x="507" y="223" curvePoint="false"/>
<type value="normal"/>
</arc>
<arc id="T14 to P1" source="T14" target="P1">
<graphics/>
<inscription>
<value>Unassigned,1,Critical Condition,0,Non-Critical Condition,0</value>
<graphics/>
</inscription>
<tagged>
<value>false</value>
</tagged>
<arcpath id="000" x="197" y="568" curvePoint="false"/>
<arcpath id="001" x="253" y="568" curvePoint="false"/>
<type value="normal"/>
</arc>
<arc id="T15 to P3" source="T15" target="P3">
<graphics/>
<inscription>
<value>Unassigned,1</value>
<graphics/>
</inscription>
<tagged>
<value>false</value>
</tagged>
<arcpath id="000" x="592" y="378" curvePoint="false"/>
<arcpath id="001" x="502" y="481" curvePoint="false"/>
<type value="normal"/>
</arc>
<arc id="T15 to P5" source="T15" target="P5">
<graphics/>
<inscription>
<value>Critical Condition,1</value>
<graphics/>
</inscription>
<tagged>
<value>false</value>
</tagged>
<arcpath id="000" x="602" y="373" curvePoint="false"/>
<arcpath id="001" x="693" y="481" curvePoint="false"/>
<type value="normal"/>
</arc>
<arc id="T16 to P7" source="T16" target="P7">
<graphics/>
<inscription>
<value>Unassigned,1</value>
<graphics/>
</inscription>
<tagged>
<value>false</value>
</tagged>
<arcpath id="000" x="813" y="323" curvePoint="false"/>
<arcpath id="001" x="898" y="327" curvePoint="false"/>
<type value="normal"/>
</arc>
<arc id="T17 to P3" source="T17" target="P3">
<graphics/>
<inscription>
<value>Unassigned,1</value>
<graphics/>
</inscription>
<tagged>
<value>false</value>
</tagged>
<arcpath id="000" x="593" y="608" curvePoint="false"/>
<arcpath id="001" x="502" y="504" curvePoint="false"/>
<type value="normal"/>
</arc>
<arc id="T17 to P5" source="T17" target="P5">
<graphics/>
<inscription>
<value>Critical Condition,1</value>
<graphics/>
</inscription>
<tagged>
<value>false</value>
</tagged>
<arcpath id="000" x="602" y="613" curvePoint="false"/>
<arcpath id="001" x="693" y="504" curvePoint="false"/>
<type value="normal"/>
</arc>
<arc id="T18 to P9" source="T18" target="P9">
<graphics/>
<inscription>
<value>Critical Condition,0,Unassigned,1,Non-Critical Condition,0</value>
<graphics/>
</inscription>
<tagged>
<value>false</value>
</tagged>
<arcpath id="000" x="812" y="543" curvePoint="false"/>
<arcpath id="001" x="898" y="538" curvePoint="false"/>
<type value="normal"/>
</arc>
<arc id="T19 to P6" source="T19" target="P6">
<graphics/>
<inscription>
<value>Critical Condition,1</value>
<graphics/>
</inscription>
<tagged>
<value>false</value>
</tagged>
<arcpath id="000" x="812" y="658" curvePoint="false"/>
<arcpath id="001" x="904" y="658" curvePoint="false"/>
<type value="normal"/>
</arc>
<arc id="T1 to P0" source="T1" target="P0">
<graphics/>
<inscription>
<value>Unassigned,1,Critical Condition,0,Non-Critical Condition,0</value>
<graphics/>
</inscription>
<tagged>
<value>false</value>
</tagged>
<arcpath id="000" x="197" y="418" curvePoint="false"/>
<arcpath id="001" x="253" y="418" curvePoint="false"/>
<type value="normal"/>
</arc>
<arc id="T20 to P5" source="T20" target="P5">
<graphics/>
<inscription>
<value>Critical Condition,1</value>
<graphics/>
</inscription>
<tagged>
<value>false</value>
</tagged>
<arcpath id="000" x="1022" y="568" curvePoint="false"/>
<arcpath id="001" x="1080" y="585" curvePoint="false"/>
<arcpath id="002" x="1005" y="705" curvePoint="false"/>
<arcpath id="003" x="705" y="690" curvePoint="false"/>
<arcpath id="004" x="703" y="507" curvePoint="false"/>
<type value="normal"/>
</arc>
<arc id="T3 to P4" source="T3" target="Ambulance Patient Being Assessed">
<graphics/>
<inscription>
<value>Unassigned,1,Critical Condition,0,Non-Critical Condition,0</value>
<graphics/>
</inscription>
<tagged>
<value>false</value>
</tagged>
<arcpath id="000" x="392" y="573" curvePoint="false"/>
<arcpath id="001" x="479" y="620" curvePoint="false"/>
<type value="normal"/>
</arc>
<arc id="T4 to P3" source="T4" target="P3">
<graphics/>
<inscription>
<value>Unassigned,1,Critical Condition,0,Non-Critical Condition,0</value>
<graphics/>
</inscription>
<tagged>
<value>false</value>
</tagged>
<arcpath id="000" x="592" y="423" curvePoint="false"/>
<arcpath id="001" x="505" y="484" curvePoint="false"/>
<type value="normal"/>
</arc>
<arc id="T4 to P5" source="T4" target="P5">
<graphics/>
<inscription>
<value>Unassigned,0,Critical Condition,0,Non-Critical Condition,1</value>
<graphics/>
</inscription>
<tagged>
<value>false</value>
</tagged>
<arcpath id="000" x="602" y="418" curvePoint="false"/>
<arcpath id="001" x="690" y="484" curvePoint="false"/>
<type value="normal"/>
</arc>
<arc id="T5 to P3" source="T5" target="P3">
<graphics/>
<inscription>
<value>Unassigned,1,Critical Condition,0,Non-Critical Condition,0</value>
<graphics/>
</inscription>
<tagged>
<value>false</value>
</tagged>
<arcpath id="000" x="593" y="563" curvePoint="false"/>
<arcpath id="001" x="505" y="501" curvePoint="false"/>
<type value="normal"/>
</arc>
<arc id="T5 to P5" source="T5" target="P5">
<graphics/>
<inscription>
<value>Unassigned,0,Critical Condition,0,Non-Critical Condition,1</value>
<graphics/>
</inscription>
<tagged>
<value>false</value>
</tagged>
<arcpath id="000" x="602" y="568" curvePoint="false"/>
<arcpath id="001" x="691" y="502" curvePoint="false"/>
<type value="normal"/>
</arc>
<arc id="T6 to P9" source="T6" target="P9">
<graphics/>
<inscription>
<value>Unassigned,1,Critical Condition,0,Non-Critical Condition,0</value>
<graphics/>
</inscription>
<tagged>
<value>false</value>
</tagged>
<arcpath id="000" x="812" y="498" curvePoint="false"/>
<arcpath id="001" x="899" y="532" curvePoint="false"/>
<type value="normal"/>
</arc>
<arc id="T7 to P7" source="T7" target="P7">
<graphics/>
<inscription>
<value>Unassigned,1,Critical Condition,0,Non-Critical Condition,0</value>
<graphics/>
</inscription>
<tagged>
<value>false</value>
</tagged>
<arcpath id="000" x="813" y="368" curvePoint="false"/>
<arcpath id="001" x="899" y="333" curvePoint="false"/>
<type value="normal"/>
</arc>
<arc id="T8 to P6" source="T8" target="P6">
<graphics/>
<inscription>
<value>Unassigned,0,Critical Condition,0,Non-Critical Condition,1</value>
<graphics/>
</inscription>
<tagged>
<value>false</value>
</tagged>
<arcpath id="000" x="812" y="613" curvePoint="false"/>
<arcpath id="001" x="905" y="652" curvePoint="false"/>
<type value="normal"/>
</arc>
<arc id="T9 to P11" source="T9" target="P11">
<graphics/>
<inscription>
<value>Unassigned,1,Critical Condition,0,Non-Critical Condition,0</value>
<graphics/>
</inscription>
<tagged>
<value>false</value>
</tagged>
<arcpath id="000" x="1018" y="358" curvePoint="false"/>
<arcpath id="001" x="961" y="211" curvePoint="true"/>
<arcpath id="002" x="927" y="219" curvePoint="false"/>
<type value="normal"/>
</arc>
<arc id="T9 to P8" source="T9" target="P8">
<graphics/>
<inscription>
<value>Unassigned,1,Critical Condition,0,Non-Critical Condition,0</value>
<graphics/>
</inscription>
<tagged>
<value>false</value>
</tagged>
<arcpath id="000" x="1012" y="378" curvePoint="false"/>
<arcpath id="001" x="926" y="425" curvePoint="false"/>
<type value="normal"/>
</arc>
<stategroup id="SG1">
<name>
<value>initial state</value>
</name>
<statecondition>
<value>P11 == 5</value>
</statecondition>
<statecondition>
<value>P8 == 2</value>
</statecondition>
<statecondition>
<value>P3 == 2</value>
</statecondition>
</stategroup>
</net>
</pnml>
